shrine_id,field_scope,source_url,checked_date,note
J0003,name|address|main_god_ids,https://www.isejingu.or.jp/about/naiku/index.html,2026-08-28,皇大神宮・天照大御神・宇治館町を確認
J0005,name|address|main_god_ids,https://suwataisha.or.jp/about/miyamori/kamishahonmiya/,2026-08-28,上社本宮・所在地・建御名方神を確認
J0006,name|address|main_god_ids,https://katori-jingu.or.jp/about/history/,2026-08-28,香取神宮・香取1697・経津主大神を確認
J0006,lat|lng|rank,https://kojiki.kokugakuin.ac.jp/jinjya/katorijingu/,2026-08-28,緯度経度・旧社格等を確認
J0007,name|address|main_god_ids,https://www.meijijingu.or.jp/about/,2026-08-28,明治天皇・昭憲皇太后・代々木神園町1-1を確認
J0007,lat|lng,https://geoshape.ex.nii.ac.jp/nrct-poi/resource/13/130000303900.html,2026-08-28,位置座標を確認
J0008,name|address|main_god_ids,https://www.usajinguu.com/lineage/,2026-08-28,八幡大神・比売大神・神功皇后を確認
J0008,lat|lng|rank,https://kojiki.kokugakuin.ac.jp/jinjya/usajingu/,2026-08-28,位置座標・旧社格等を確認
J0009,name|main_god_ids,https://www.dazaifutenmangu.or.jp/about,2026-08-28,菅原道真公を確認
J0009,address,https://www.dazaifutenmangu.or.jp/access,2026-08-28,宰府4丁目7-1を確認
J0009,lat|lng,https://geoshape.ex.nii.ac.jp/nrct-poi/resource/41/index.html,2026-08-28,位置座標を確認
J0010,name|address|main_god_ids,https://kitanotenmangu.or.jp/about/,2026-08-28,菅原道真公を確認
J0010,lat|lng|rank,https://jmapps.ne.jp/kokugakuin/det.html?data_id=53385,2026-08-28,位置座標・旧社格を確認
J0011,name|address|main_god_ids|sub_god_ids,https://munakata-taisha.or.jp/about_hetsu.html,2026-08-28,辺津宮・市杵島姫神・第二宮第三宮を確認
J0011,lat|lng,https://mapfan.com/spots/SCA5A%2CJ%2CW,2026-08-28,位置座標を確認
J0012,name|address|main_god_ids,https://www.itsukushimajinja.jp/jp-sp/history.html,2026-08-28,宗像三女神を確認
J0012,address,https://www.itsukushimajinja.jp/jp/access.html,2026-08-28,宮島町1-1を確認
J0012,lat|lng,https://mapfan.com/spots/SCAQC%2CJ%2CDVK8Z,2026-08-28,位置座標を確認
J0013,name|address,https://toshogu.jp/,2026-08-28,日光市山内2301を確認
J0013,lat|lng,https://geoshape.ex.nii.ac.jp/nrct-poi/resource/09/,2026-08-28,位置座標を確認
J0014,name|main_god_ids,https://kibitujinja.com/about/engi.php,2026-08-28,大吉備津彦命を確認
J0014,address|lat|lng|rank,https://kojiki.kokugakuin.ac.jp/jinjya/kibitsujinja/,2026-08-28,吉備津931・位置座標・旧社格等を確認
J0015,name|address,https://oomishimagu.jp/,2026-08-28,大山祇神社・宮浦3327を確認
J0015,main_god_ids,https://ehime-jinjacho.jp/jinja/?p=1542,2026-08-28,祭神名大山積神を確認
J0015,lat|lng|rank,https://jmapps.ne.jp/kokugakuin/det.html?data_id=53420,2026-08-28,位置座標・旧社格等を確認
J0016,name|address|main_god_ids|ichinomiya,https://www.kamigamojinja.jp/about/,2026-08-28,賀茂別雷神社・賀茂別雷大神・上賀茂本山339・山城国一之宮を確認
J0016,lat|lng|rank,https://jmapps.ne.jp/kokugakuin/det.html?data_id=180602,2026-08-28,位置座標・名神大社を確認
J0017,name|address|main_god_ids,https://www.shimogamo-jinja.or.jp/about/rekishi,2026-08-28,賀茂御祖神社・賀茂建角身命・玉依媛命を確認
J0017,lat|lng|rank,https://jmapps.ne.jp/kokugakuin/det.html?data_id=53352,2026-08-28,位置座標・旧官幣大社等を確認
J0018,name|address,https://www.sumiyoshitaisha.net/access/,2026-08-28,住吉大社・住吉2丁目9-89を確認
J0018,main_god_ids,https://sumiyoshitaisha.jp/about/,2026-08-28,底筒男命・中筒男命・表筒男命・神功皇后を確認
J0018,lat|lng|rank,https://jmapps.ne.jp/kokugakuin/det.html?data_id=53366,2026-08-28,位置座標・旧官幣大社等を確認
J0019,name|address|main_god_ids|sub_god_ids|ichinomiya,https://tsubaki.or.jp/about/,2026-08-28,猿田彦大神・相殿配祀神・山本町1871・伊勢国一の宮を確認
J0019,lat|lng,https://geoshape.ex.nii.ac.jp/nrct-poi/resource/24/index.html,2026-08-28,位置座標を確認
J0020,name|address|main_god_ids,https://www.isejingu.or.jp/about/outerbetsugu/,2026-08-28,伊雑宮・天照大御神御魂・上之郷374を確認
J0020,lat|lng,https://geoshape.ex.nii.ac.jp/nrct-poi/resource/24/240000269100.html,2026-08-28,位置座標を確認
J0021,name|main_god_ids|ichinomiya,https://www.togajinja.or.jp/about/,2026-08-28,砥鹿神社・大己貴命・三河一之宮を確認
J0021,address|lat|lng|rank,https://jmapps.ne.jp/kokugakuin/det.html?data_id=181482,2026-08-28,所在地・位置座標・式内社情報を確認
J0022,name|address|main_god_ids|ichinomiya,https://okunijinja.or.jp/guide/,2026-08-28,小國神社・大己貴命・一宮3956-1・遠江国一宮を確認
J0022,lat|lng|rank,https://jmapps.ne.jp/kokugakuin/det.html?data_id=53505,2026-08-28,位置座標・旧国幣小社等を確認
J0023,name|address|main_god_ids|rank,https://www.mishimataisha.or.jp/shrine,2026-08-28,三嶋大社・大山祇命・事代主神・官幣大社を確認
J0023,lat|lng,https://geoshape.ex.nii.ac.jp/nrct-poi/resource/22/220000019800.html,2026-08-28,位置座標を確認
J0024,name|address|main_god_ids|rank,https://www.yamanashi-jinjacho.or.jp/intro/search/detail/3062,2026-08-28,浅間神社・木花開耶姫命・一ノ宮1684・旧国幣中社を確認
J0024,lat|lng,https://whitepony15.sakura.ne.jp/wakoku/share.php?dir=dir_shrines&id=42&menu=view,2026-08-28,位置座標を補助確認
J0025,name|address,https://www.hachimangu.or.jp/,2026-08-28,鶴岡八幡宮・雪ノ下2-1-31を確認
J0025,main_god_ids|lat|lng|rank,https://jmapps.ne.jp/kokugakuin/det.html?data_id=53485,2026-08-28,祭神構成・位置座標・旧国幣中社を確認
