axis,raw_records,named_shrine_records,app_linked,remaining,status,note
ICHINOMIYA,104,104,45,59,active,全国一の宮巡拝会現行一覧で104社を再確認。既存J-ID接続45社
SOJA,93,81,,,research,12行は廃絶・不明等で神社名空欄。現存総社から公式確認して昇格
NIJUNISHA,25,25,6,19,active,歴史上22社を現存構成社単位で25社保持。既存J-ID接続6社
JINGU,24,24,5,19,research,社号神宮24社。既存または部分登録5社
TAISHA,24,24,8,16,research,社号大社24社。既存または部分登録8社
HEAD_SHRINE,32,32,14,18,research,総本社・総本宮等32候補。既存または部分登録14社。個別公式確認前を含む
TOTAL,302,290,,,in_progress,カテゴリ重複込み
EXACT_NAME_UNIQUE,,213,,,in_progress,完全一致社名のみで重複除去。親子社・表記揺れ・同名別社は未解決
APP_MASTER,51,51,51,162,in_progress,現在のjinja_master登録数。213社を仮の統合上限とした場合の差分
